val/Fruit/Apple/Golden-Delicious/Golden-Delicious_001.jpg, 0, 0
val/Fruit/Apple/Golden-Delicious/Golden-Delicious_002.jpg, 0, 0
val/Fruit/Apple/Golden-Delicious/Golden-Delicious_003.jpg, 0, 0
val/Fruit/Apple/Golden-Delicious/Golden-Delicious_004.jpg, 0, 0
val/Fruit/Apple/Golden-Delicious/Golden-Delicious_005.jpg, 0, 0
val/Fruit/Apple/Golden-Delicious/Golden-Delicious_006.jpg, 0, 0
val/Fruit/Apple/Granny-Smith/Granny-Smith_001.jpg, 1, 0
val/Fruit/Apple/Granny-Smith/Granny-Smith_002.jpg, 1, 0
val/Fruit/Apple/Granny-Smith/Granny-Smith_003.jpg, 1, 0
val/Fruit/Apple/Granny-Smith/Granny-Smith_004.jpg, 1, 0
val/Fruit/Apple/Granny-Smith/Granny-Smith_005.jpg, 1, 0
val/Fruit/Apple/Granny-Smith/Granny-Smith_006.jpg, 1, 0
val/Fruit/Apple/Pink-Lady/Pink-Lady_001.jpg, 2, 0
val/Fruit/Apple/Pink-Lady/Pink-Lady_002.jpg, 2, 0
val/Fruit/Apple/Pink-Lady/Pink-Lady_003.jpg, 2, 0
val/Fruit/Apple/Pink-Lady/Pink-Lady_004.jpg, 2, 0
val/Fruit/Apple/Pink-Lady/Pink-Lady_005.jpg, 2, 0
val/Fruit/Apple/Royal-Gala/Royal-Gala_001.jpg, 4, 0
val/Fruit/Apple/Royal-Gala/Royal-Gala_002.jpg, 4, 0
val/Fruit/Apple/Royal-Gala/Royal-Gala_003.jpg, 4, 0
val/Fruit/Apple/Royal-Gala/Royal-Gala_004.jpg, 4, 0
val/Fruit/Apple/Royal-Gala/Royal-Gala_005.jpg, 4, 0
val/Fruit/Avocado/Avocado_001.jpg, 5, 1
val/Fruit/Avocado/Avocado_002.jpg, 5, 1
val/Fruit/Avocado/Avocado_003.jpg, 5, 1
val/Fruit/Avocado/Avocado_004.jpg, 5, 1
val/Fruit/Avocado/Avocado_005.jpg, 5, 1
val/Fruit/Banana/Banana_001.jpg, 6, 2
val/Fruit/Banana/Banana_002.jpg, 6, 2
val/Fruit/Banana/Banana_003.jpg, 6, 2
val/Fruit/Banana/Banana_004.jpg, 6, 2
val/Fruit/Banana/Banana_005.jpg, 6, 2
val/Fruit/Banana/Banana_006.jpg, 6, 2
val/Fruit/Kiwi/Kiwi_001.jpg, 7, 3
val/Fruit/Kiwi/Kiwi_002.jpg, 7, 3
val/Fruit/Kiwi/Kiwi_003.jpg, 7, 3
val/Fruit/Kiwi/Kiwi_004.jpg, 7, 3
val/Fruit/Kiwi/Kiwi_005.jpg, 7, 3
val/Fruit/Lemon/Lemon_001.jpg, 8, 4
val/Fruit/Lemon/Lemon_002.jpg, 8, 4
val/Fruit/Lemon/Lemon_003.jpg, 8, 4
val/Fruit/Lemon/Lemon_004.jpg, 8, 4
val/Fruit/Lemon/Lemon_005.jpg, 8, 4
val/Fruit/Lime/Lime_001.jpg, 9, 5
val/Fruit/Lime/Lime_002.jpg, 9, 5
val/Fruit/Lime/Lime_003.jpg, 9, 5
val/Fruit/Lime/Lime_004.jpg, 9, 5
val/Fruit/Lime/Lime_005.jpg, 9, 5
val/Fruit/Mango/Mango_001.jpg, 10, 6
val/Fruit/Mango/Mango_002.jpg, 10, 6
val/Fruit/Mango/Mango_003.jpg, 10, 6
val/Fruit/Melon/Cantaloupe/Cantaloupe_001.jpg, 11, 7
val/Fruit/Melon/Cantaloupe/Cantaloupe_002.jpg, 11, 7
val/Fruit/Melon/Cantaloupe/Cantaloupe_003.jpg, 11, 7
val/Fruit/Melon/Cantaloupe/Cantaloupe_004.jpg, 11, 7
val/Fruit/Melon/Cantaloupe/Cantaloupe_005.jpg, 11, 7
val/Fruit/Melon/Cantaloupe/Cantaloupe_006.jpg, 11, 7
val/Fruit/Melon/Galia-Melon/Galia-Melon_001.jpg, 12, 7
val/Fruit/Melon/Galia-Melon/Galia-Melon_002.jpg, 12, 7
val/Fruit/Melon/Galia-Melon/Galia-Melon_003.jpg, 12, 7
val/Fruit/Melon/Galia-Melon/Galia-Melon_004.jpg, 12, 7
val/Fruit/Melon/Galia-Melon/Galia-Melon_005.jpg, 12, 7
val/Fruit/Melon/Honeydew-Melon/Honeydew-Melon_001.jpg, 13, 7
val/Fruit/Melon/Honeydew-Melon/Honeydew-Melon_002.jpg, 13, 7
val/Fruit/Melon/Honeydew-Melon/Honeydew-Melon_003.jpg, 13, 7
val/Fruit/Melon/Honeydew-Melon/Honeydew-Melon_004.jpg, 13, 7
val/Fruit/Melon/Watermelon/Watermelon_001.jpg, 14, 7
val/Fruit/Melon/Watermelon/Watermelon_002.jpg, 14, 7
val/Fruit/Melon/Watermelon/Watermelon_003.jpg, 14, 7
val/Fruit/Melon/Watermelon/Watermelon_004.jpg, 14, 7
val/Fruit/Melon/Watermelon/Watermelon_005.jpg, 14, 7
val/Fruit/Orange/Orange_001.jpg, 16, 9
val/Fruit/Orange/Orange_002.jpg, 16, 9
val/Fruit/Orange/Orange_003.jpg, 16, 9
val/Fruit/Orange/Orange_004.jpg, 16, 9
val/Fruit/Orange/Orange_005.jpg, 16, 9
val/Fruit/Passion-Fruit/Passion-Fruit_001.jpg, 18, 11
val/Fruit/Passion-Fruit/Passion-Fruit_002.jpg, 18, 11
val/Fruit/Passion-Fruit/Passion-Fruit_003.jpg, 18, 11
val/Fruit/Passion-Fruit/Passion-Fruit_004.jpg, 18, 11
val/Fruit/Passion-Fruit/Passion-Fruit_005.jpg, 18, 11
val/Fruit/Peach/Peach_001.jpg, 19, 12
val/Fruit/Peach/Peach_002.jpg, 19, 12
val/Fruit/Peach/Peach_003.jpg, 19, 12
val/Fruit/Peach/Peach_004.jpg, 19, 12
val/Fruit/Peach/Peach_005.jpg, 19, 12
val/Fruit/Pear/Conference/Conference_001.jpg, 21, 13
val/Fruit/Pear/Conference/Conference_002.jpg, 21, 13
val/Fruit/Pear/Conference/Conference_003.jpg, 21, 13
val/Fruit/Pear/Conference/Conference_004.jpg, 21, 13
val/Fruit/Pear/Conference/Conference_005.jpg, 21, 13
val/Fruit/Pineapple/Pineapple_001.jpg, 23, 14
val/Fruit/Pineapple/Pineapple_002.jpg, 23, 14
val/Fruit/Pineapple/Pineapple_003.jpg, 23, 14
val/Fruit/Pineapple/Pineapple_004.jpg, 23, 14
val/Fruit/Pineapple/Pineapple_005.jpg, 23, 14
val/Fruit/Pomegranate/Pomegranate_001.jpg, 25, 16
val/Fruit/Pomegranate/Pomegranate_002.jpg, 25, 16
val/Fruit/Pomegranate/Pomegranate_003.jpg, 25, 16
val/Fruit/Pomegranate/Pomegranate_004.jpg, 25, 16
val/Fruit/Pomegranate/Pomegranate_005.jpg, 25, 16
val/Fruit/Red-Grapefruit/Red-Grapefruit_001.jpg, 26, 17
val/Fruit/Red-Grapefruit/Red-Grapefruit_002.jpg, 26, 17
val/Fruit/Red-Grapefruit/Red-Grapefruit_003.jpg, 26, 17
val/Fruit/Red-Grapefruit/Red-Grapefruit_004.jpg, 26, 17
val/Fruit/Red-Grapefruit/Red-Grapefruit_005.jpg, 26, 17
val/Fruit/Satsumas/Satsumas_001.jpg, 27, 18
val/Fruit/Satsumas/Satsumas_002.jpg, 27, 18
val/Fruit/Satsumas/Satsumas_003.jpg, 27, 18
val/Fruit/Satsumas/Satsumas_004.jpg, 27, 18
val/Fruit/Satsumas/Satsumas_005.jpg, 27, 18
val/Packages/Juice/Bravo-Apple-Juice/Bravo-Apple-Juice_001.jpg, 28, 19
val/Packages/Juice/Bravo-Apple-Juice/Bravo-Apple-Juice_002.jpg, 28, 19
val/Packages/Juice/Bravo-Apple-Juice/Bravo-Apple-Juice_003.jpg, 28, 19
val/Packages/Juice/Bravo-Apple-Juice/Bravo-Apple-Juice_004.jpg, 28, 19
val/Packages/Juice/Bravo-Orange-Juice/Bravo-Orange-Juice_001.jpg, 29, 19
val/Packages/Juice/Bravo-Orange-Juice/Bravo-Orange-Juice_002.jpg, 29, 19
val/Packages/Juice/Bravo-Orange-Juice/Bravo-Orange-Juice_003.jpg, 29, 19
val/Packages/Juice/Bravo-Orange-Juice/Bravo-Orange-Juice_004.jpg, 29, 19
val/Packages/Juice/Bravo-Orange-Juice/Bravo-Orange-Juice_005.jpg, 29, 19
val/Packages/Juice/God-Morgon-Apple-Juice/God-Morgon-Apple-Juice_001.jpg, 30, 19
val/Packages/Juice/God-Morgon-Apple-Juice/God-Morgon-Apple-Juice_002.jpg, 30, 19
val/Packages/Juice/God-Morgon-Apple-Juice/God-Morgon-Apple-Juice_003.jpg, 30, 19
val/Packages/Juice/God-Morgon-Apple-Juice/God-Morgon-Apple-Juice_004.jpg, 30, 19
val/Packages/Juice/God-Morgon-Apple-Juice/God-Morgon-Apple-Juice_005.jpg, 30, 19
val/Packages/Juice/God-Morgon-Orange-Juice/God-Morgon-Orange-Juice_001.jpg, 31, 19
val/Packages/Juice/God-Morgon-Orange-Juice/God-Morgon-Orange-Juice_002.jpg, 31, 19
val/Packages/Juice/God-Morgon-Orange-Juice/God-Morgon-Orange-Juice_003.jpg, 31, 19
val/Packages/Juice/God-Morgon-Orange-Juice/God-Morgon-Orange-Juice_004.jpg, 31, 19
val/Packages/Juice/God-Morgon-Orange-Juice/God-Morgon-Orange-Juice_005.jpg, 31, 19
val/Packages/Juice/God-Morgon-Orange-Red-Grapefruit-Juice/God-Morgon-Orange-Red-Grapefruit-Juice_001.jpg, 32, 19
val/Packages/Juice/God-Morgon-Orange-Red-Grapefruit-Juice/God-Morgon-Orange-Red-Grapefruit-Juice_002.jpg, 32, 19
val/Packages/Juice/God-Morgon-Orange-Red-Grapefruit-Juice/God-Morgon-Orange-Red-Grapefruit-Juice_003.jpg, 32, 19
val/Packages/Juice/God-Morgon-Orange-Red-Grapefruit-Juice/God-Morgon-Orange-Red-Grapefruit-Juice_004.jpg, 32, 19
val/Packages/Juice/God-Morgon-Orange-Red-Grapefruit-Juice/God-Morgon-Orange-Red-Grapefruit-Juice_005.jpg, 32, 19
val/Packages/Juice/God-Morgon-Orange-Red-Grapefruit-Juice/God-Morgon-Orange-Red-Grapefruit-Juice_006.jpg, 32, 19
val/Packages/Juice/God-Morgon-Red-Grapefruit-Juice/God-Morgon-Red-Grapefruit-Juice_001.jpg, 33, 19
val/Packages/Juice/God-Morgon-Red-Grapefruit-Juice/God-Morgon-Red-Grapefruit-Juice_002.jpg, 33, 19
val/Packages/Juice/God-Morgon-Red-Grapefruit-Juice/God-Morgon-Red-Grapefruit-Juice_003.jpg, 33, 19
val/Packages/Juice/God-Morgon-Red-Grapefruit-Juice/God-Morgon-Red-Grapefruit-Juice_004.jpg, 33, 19
val/Packages/Milk/Arla-Ecological-Medium-Fat-Milk/Arla-Ecological-Medium-Fat-Milk_001.jpg, 38, 20
val/Packages/Milk/Arla-Ecological-Medium-Fat-Milk/Arla-Ecological-Medium-Fat-Milk_002.jpg, 38, 20
val/Packages/Milk/Arla-Ecological-Medium-Fat-Milk/Arla-Ecological-Medium-Fat-Milk_003.jpg, 38, 20
val/Packages/Milk/Arla-Ecological-Medium-Fat-Milk/Arla-Ecological-Medium-Fat-Milk_004.jpg, 38, 20
val/Packages/Milk/Arla-Ecological-Medium-Fat-Milk/Arla-Ecological-Medium-Fat-Milk_005.jpg, 38, 20
val/Packages/Milk/Arla-Medium-Fat-Milk/Arla-Medium-Fat-Milk_001.jpg, 40, 20
val/Packages/Milk/Arla-Medium-Fat-Milk/Arla-Medium-Fat-Milk_002.jpg, 40, 20
val/Packages/Milk/Arla-Medium-Fat-Milk/Arla-Medium-Fat-Milk_003.jpg, 40, 20
val/Packages/Milk/Arla-Medium-Fat-Milk/Arla-Medium-Fat-Milk_004.jpg, 40, 20
val/Packages/Milk/Arla-Standard-Milk/Arla-Standard-Milk_001.jpg, 41, 20
val/Packages/Milk/Arla-Standard-Milk/Arla-Standard-Milk_002.jpg, 41, 20
val/Packages/Milk/Arla-Standard-Milk/Arla-Standard-Milk_003.jpg, 41, 20
val/Packages/Milk/Arla-Standard-Milk/Arla-Standard-Milk_004.jpg, 41, 20
val/Packages/Milk/Arla-Standard-Milk/Arla-Standard-Milk_005.jpg, 41, 20
val/Packages/Milk/Garant-Ecological-Medium-Fat-Milk/Garant-Ecological-Medium-Fat-Milk_001.jpg, 42, 20
val/Packages/Milk/Garant-Ecological-Medium-Fat-Milk/Garant-Ecological-Medium-Fat-Milk_002.jpg, 42, 20
val/Packages/Milk/Garant-Ecological-Medium-Fat-Milk/Garant-Ecological-Medium-Fat-Milk_003.jpg, 42, 20
val/Packages/Milk/Garant-Ecological-Medium-Fat-Milk/Garant-Ecological-Medium-Fat-Milk_004.jpg, 42, 20
val/Packages/Milk/Garant-Ecological-Medium-Fat-Milk/Garant-Ecological-Medium-Fat-Milk_005.jpg, 42, 20
val/Packages/Milk/Garant-Ecological-Medium-Fat-Milk/Garant-Ecological-Medium-Fat-Milk_006.jpg, 42, 20
val/Packages/Milk/Garant-Ecological-Standard-Milk/Garant-Ecological-Standard-Milk_001.jpg, 43, 20
val/Packages/Milk/Garant-Ecological-Standard-Milk/Garant-Ecological-Standard-Milk_002.jpg, 43, 20
val/Packages/Milk/Garant-Ecological-Standard-Milk/Garant-Ecological-Standard-Milk_003.jpg, 43, 20
val/Packages/Milk/Garant-Ecological-Standard-Milk/Garant-Ecological-Standard-Milk_004.jpg, 43, 20
val/Packages/Milk/Garant-Ecological-Standard-Milk/Garant-Ecological-Standard-Milk_005.jpg, 43, 20
val/Packages/Milk/Garant-Ecological-Standard-Milk/Garant-Ecological-Standard-Milk_006.jpg, 43, 20
val/Packages/Oat-Milk/Oatly-Oat-Milk/Oatly-Oat-Milk_001.jpg, 45, 22
val/Packages/Oat-Milk/Oatly-Oat-Milk/Oatly-Oat-Milk_002.jpg, 45, 22
val/Packages/Oat-Milk/Oatly-Oat-Milk/Oatly-Oat-Milk_003.jpg, 45, 22
val/Packages/Oat-Milk/Oatly-Oat-Milk/Oatly-Oat-Milk_004.jpg, 45, 22
val/Packages/Oat-Milk/Oatly-Oat-Milk/Oatly-Oat-Milk_005.jpg, 45, 22
val/Packages/Oatghurt/Oatly-Natural-Oatghurt/Oatly-Natural-Oatghurt_001.jpg, 44, 21
val/Packages/Oatghurt/Oatly-Natural-Oatghurt/Oatly-Natural-Oatghurt_002.jpg, 44, 21
val/Packages/Oatghurt/Oatly-Natural-Oatghurt/Oatly-Natural-Oatghurt_003.jpg, 44, 21
val/Packages/Oatghurt/Oatly-Natural-Oatghurt/Oatly-Natural-Oatghurt_004.jpg, 44, 21
val/Packages/Oatghurt/Oatly-Natural-Oatghurt/Oatly-Natural-Oatghurt_005.jpg, 44, 21
val/Packages/Sour-Cream/Arla-Sour-Cream/Arla-Sour-Cream_001.jpg, 47, 23
val/Packages/Sour-Cream/Arla-Sour-Cream/Arla-Sour-Cream_002.jpg, 47, 23
val/Packages/Sour-Cream/Arla-Sour-Cream/Arla-Sour-Cream_003.jpg, 47, 23
val/Packages/Sour-Cream/Arla-Sour-Cream/Arla-Sour-Cream_004.jpg, 47, 23
val/Packages/Sour-Cream/Arla-Sour-Cream/Arla-Sour-Cream_005.jpg, 47, 23
val/Packages/Soyghurt/Alpro-Blueberry-Soyghurt/Alpro-Blueberry-Soyghurt_001.jpg, 49, 25
val/Packages/Soyghurt/Alpro-Blueberry-Soyghurt/Alpro-Blueberry-Soyghurt_002.jpg, 49, 25
val/Packages/Soyghurt/Alpro-Blueberry-Soyghurt/Alpro-Blueberry-Soyghurt_003.jpg, 49, 25
val/Packages/Soyghurt/Alpro-Blueberry-Soyghurt/Alpro-Blueberry-Soyghurt_004.jpg, 49, 25
val/Packages/Soyghurt/Alpro-Blueberry-Soyghurt/Alpro-Blueberry-Soyghurt_005.jpg, 49, 25
val/Packages/Soyghurt/Alpro-Vanilla-Soyghurt/Alpro-Vanilla-Soyghurt_001.jpg, 50, 25
val/Packages/Soyghurt/Alpro-Vanilla-Soyghurt/Alpro-Vanilla-Soyghurt_002.jpg, 50, 25
val/Packages/Soyghurt/Alpro-Vanilla-Soyghurt/Alpro-Vanilla-Soyghurt_003.jpg, 50, 25
val/Packages/Soyghurt/Alpro-Vanilla-Soyghurt/Alpro-Vanilla-Soyghurt_004.jpg, 50, 25
val/Packages/Soyghurt/Alpro-Vanilla-Soyghurt/Alpro-Vanilla-Soyghurt_005.jpg, 50, 25
val/Packages/Yoghurt/Arla-Mild-Vanilla-Yoghurt/Arla-Mild-Vanilla-Yoghurt_001.jpg, 53, 27
val/Packages/Yoghurt/Arla-Mild-Vanilla-Yoghurt/Arla-Mild-Vanilla-Yoghurt_002.jpg, 53, 27
val/Packages/Yoghurt/Arla-Mild-Vanilla-Yoghurt/Arla-Mild-Vanilla-Yoghurt_003.jpg, 53, 27
val/Packages/Yoghurt/Arla-Mild-Vanilla-Yoghurt/Arla-Mild-Vanilla-Yoghurt_004.jpg, 53, 27
val/Packages/Yoghurt/Arla-Mild-Vanilla-Yoghurt/Arla-Mild-Vanilla-Yoghurt_005.jpg, 53, 27
val/Packages/Yoghurt/Valio-Vanilla-Yoghurt/Valio-Vanilla-Yoghurt_001.jpg, 56, 27
val/Packages/Yoghurt/Valio-Vanilla-Yoghurt/Valio-Vanilla-Yoghurt_002.jpg, 56, 27
val/Packages/Yoghurt/Valio-Vanilla-Yoghurt/Valio-Vanilla-Yoghurt_003.jpg, 56, 27
val/Packages/Yoghurt/Valio-Vanilla-Yoghurt/Valio-Vanilla-Yoghurt_004.jpg, 56, 27
val/Packages/Yoghurt/Valio-Vanilla-Yoghurt/Valio-Vanilla-Yoghurt_005.jpg, 56, 27
val/Packages/Yoghurt/Yoggi-Strawberry-Yoghurt/Yoggi-Strawberry-Yoghurt_001.jpg, 57, 27
val/Packages/Yoghurt/Yoggi-Strawberry-Yoghurt/Yoggi-Strawberry-Yoghurt_002.jpg, 57, 27
val/Packages/Yoghurt/Yoggi-Strawberry-Yoghurt/Yoggi-Strawberry-Yoghurt_003.jpg, 57, 27
val/Packages/Yoghurt/Yoggi-Strawberry-Yoghurt/Yoggi-Strawberry-Yoghurt_004.jpg, 57, 27
val/Packages/Yoghurt/Yoggi-Strawberry-Yoghurt/Yoggi-Strawberry-Yoghurt_005.jpg, 57, 27
val/Packages/Yoghurt/Yoggi-Vanilla-Yoghurt/Yoggi-Vanilla-Yoghurt_001.jpg, 58, 27
val/Packages/Yoghurt/Yoggi-Vanilla-Yoghurt/Yoggi-Vanilla-Yoghurt_002.jpg, 58, 27
val/Packages/Yoghurt/Yoggi-Vanilla-Yoghurt/Yoggi-Vanilla-Yoghurt_003.jpg, 58, 27
val/Packages/Yoghurt/Yoggi-Vanilla-Yoghurt/Yoggi-Vanilla-Yoghurt_004.jpg, 58, 27
val/Packages/Yoghurt/Yoggi-Vanilla-Yoghurt/Yoggi-Vanilla-Yoghurt_005.jpg, 58, 27
val/Vegetables/Asparagus/Asparagus_001.jpg, 59, 28
val/Vegetables/Asparagus/Asparagus_002.jpg, 59, 28
val/Vegetables/Asparagus/Asparagus_003.jpg, 59, 28
val/Vegetables/Asparagus/Asparagus_004.jpg, 59, 28
val/Vegetables/Asparagus/Asparagus_005.jpg, 59, 28
val/Vegetables/Aubergine/Aubergine_001.jpg, 60, 29
val/Vegetables/Aubergine/Aubergine_002.jpg, 60, 29
val/Vegetables/Aubergine/Aubergine_003.jpg, 60, 29
val/Vegetables/Aubergine/Aubergine_004.jpg, 60, 29
val/Vegetables/Brown-Cap-Mushroom/Brown-Cap-Mushroom_001.jpg, 67, 36
val/Vegetables/Brown-Cap-Mushroom/Brown-Cap-Mushroom_002.jpg, 67, 36
val/Vegetables/Brown-Cap-Mushroom/Brown-Cap-Mushroom_003.jpg, 67, 36
val/Vegetables/Brown-Cap-Mushroom/Brown-Cap-Mushroom_004.jpg, 67, 36
val/Vegetables/Brown-Cap-Mushroom/Brown-Cap-Mushroom_005.jpg, 67, 36
val/Vegetables/Cabbage/Cabbage_001.jpg, 61, 30
val/Vegetables/Cabbage/Cabbage_002.jpg, 61, 30
val/Vegetables/Cabbage/Cabbage_003.jpg, 61, 30
val/Vegetables/Cabbage/Cabbage_004.jpg, 61, 30
val/Vegetables/Cabbage/Cabbage_005.jpg, 61, 30
val/Vegetables/Carrots/Carrots_001.jpg, 62, 31
val/Vegetables/Carrots/Carrots_002.jpg, 62, 31
val/Vegetables/Carrots/Carrots_003.jpg, 62, 31
val/Vegetables/Carrots/Carrots_004.jpg, 62, 31
val/Vegetables/Carrots/Carrots_005.jpg, 62, 31
val/Vegetables/Cucumber/Cucumber_001.jpg, 63, 32
val/Vegetables/Cucumber/Cucumber_002.jpg, 63, 32
val/Vegetables/Cucumber/Cucumber_003.jpg, 63, 32
val/Vegetables/Cucumber/Cucumber_004.jpg, 63, 32
val/Vegetables/Cucumber/Cucumber_005.jpg, 63, 32
val/Vegetables/Ginger/Ginger_001.jpg, 65, 34
val/Vegetables/Ginger/Ginger_002.jpg, 65, 34
val/Vegetables/Ginger/Ginger_003.jpg, 65, 34
val/Vegetables/Ginger/Ginger_004.jpg, 65, 34
val/Vegetables/Leek/Leek_001.jpg, 66, 35
val/Vegetables/Leek/Leek_002.jpg, 66, 35
val/Vegetables/Leek/Leek_003.jpg, 66, 35
val/Vegetables/Leek/Leek_004.jpg, 66, 35
val/Vegetables/Onion/Yellow-Onion/Yellow-Onion_001.jpg, 68, 37
val/Vegetables/Onion/Yellow-Onion/Yellow-Onion_002.jpg, 68, 37
val/Vegetables/Onion/Yellow-Onion/Yellow-Onion_003.jpg, 68, 37
val/Vegetables/Onion/Yellow-Onion/Yellow-Onion_004.jpg, 68, 37
val/Vegetables/Onion/Yellow-Onion/Yellow-Onion_005.jpg, 68, 37
val/Vegetables/Pepper/Orange-Bell-Pepper/Orange-Bell-Pepper_001.jpg, 70, 38
val/Vegetables/Pepper/Orange-Bell-Pepper/Orange-Bell-Pepper_002.jpg, 70, 38
val/Vegetables/Pepper/Orange-Bell-Pepper/Orange-Bell-Pepper_003.jpg, 70, 38
val/Vegetables/Pepper/Orange-Bell-Pepper/Orange-Bell-Pepper_004.jpg, 70, 38
val/Vegetables/Pepper/Orange-Bell-Pepper/Orange-Bell-Pepper_005.jpg, 70, 38
val/Vegetables/Pepper/Red-Bell-Pepper/Red-Bell-Pepper_001.jpg, 71, 38
val/Vegetables/Pepper/Red-Bell-Pepper/Red-Bell-Pepper_002.jpg, 71, 38
val/Vegetables/Pepper/Red-Bell-Pepper/Red-Bell-Pepper_003.jpg, 71, 38
val/Vegetables/Pepper/Red-Bell-Pepper/Red-Bell-Pepper_004.jpg, 71, 38
val/Vegetables/Pepper/Red-Bell-Pepper/Red-Bell-Pepper_005.jpg, 71, 38
val/Vegetables/Pepper/Yellow-Bell-Pepper/Yellow-Bell-Pepper_001.jpg, 72, 38
val/Vegetables/Pepper/Yellow-Bell-Pepper/Yellow-Bell-Pepper_002.jpg, 72, 38
val/Vegetables/Pepper/Yellow-Bell-Pepper/Yellow-Bell-Pepper_003.jpg, 72, 38
val/Vegetables/Pepper/Yellow-Bell-Pepper/Yellow-Bell-Pepper_004.jpg, 72, 38
val/Vegetables/Pepper/Yellow-Bell-Pepper/Yellow-Bell-Pepper_005.jpg, 72, 38
val/Vegetables/Potato/Floury-Potato/Floury-Potato_001.jpg, 73, 39
val/Vegetables/Potato/Floury-Potato/Floury-Potato_002.jpg, 73, 39
val/Vegetables/Potato/Floury-Potato/Floury-Potato_003.jpg, 73, 39
val/Vegetables/Potato/Floury-Potato/Floury-Potato_004.jpg, 73, 39
val/Vegetables/Potato/Floury-Potato/Floury-Potato_005.jpg, 73, 39
val/Vegetables/Potato/Sweet-Potato/Sweet-Potato_001.jpg, 75, 39
val/Vegetables/Potato/Sweet-Potato/Sweet-Potato_002.jpg, 75, 39
val/Vegetables/Potato/Sweet-Potato/Sweet-Potato_003.jpg, 75, 39
val/Vegetables/Potato/Sweet-Potato/Sweet-Potato_004.jpg, 75, 39
val/Vegetables/Potato/Sweet-Potato/Sweet-Potato_005.jpg, 75, 39
val/Vegetables/Red-Beet/Red-Beet_001.jpg, 76, 40
val/Vegetables/Red-Beet/Red-Beet_002.jpg, 76, 40
val/Vegetables/Red-Beet/Red-Beet_003.jpg, 76, 40
val/Vegetables/Red-Beet/Red-Beet_004.jpg, 76, 40
val/Vegetables/Red-Beet/Red-Beet_005.jpg, 76, 40
val/Vegetables/Tomato/Beef-Tomato/Beef-Tomato_001.jpg, 77, 41
val/Vegetables/Tomato/Beef-Tomato/Beef-Tomato_002.jpg, 77, 41
val/Vegetables/Tomato/Beef-Tomato/Beef-Tomato_003.jpg, 77, 41
val/Vegetables/Tomato/Vine-Tomato/Vine-Tomato_001.jpg, 79, 41
val/Vegetables/Tomato/Vine-Tomato/Vine-Tomato_002.jpg, 79, 41
val/Vegetables/Tomato/Vine-Tomato/Vine-Tomato_003.jpg, 79, 41
val/Vegetables/Tomato/Vine-Tomato/Vine-Tomato_004.jpg, 79, 41
val/Vegetables/Tomato/Vine-Tomato/Vine-Tomato_005.jpg, 79, 41
val/Vegetables/Zucchini/Zucchini_001.jpg, 80, 42
val/Vegetables/Zucchini/Zucchini_002.jpg, 80, 42
val/Vegetables/Zucchini/Zucchini_003.jpg, 80, 42
val/Vegetables/Zucchini/Zucchini_004.jpg, 80, 42
val/Vegetables/Zucchini/Zucchini_005.jpg, 80, 42
